participant_id,ADHD_Outcome,Sex_F
Cfwaf5FX7jWK,0.97345984,0.47613147
vhGrzmvA3Hjq,0.6474248,0.12934273
ULliyEXjy4OV,0.9201849,0.4345696
LZfeAb1xMtql,0.96296626,0.07282577
EnFOUv0YK1RG,0.98885614,0.44015047
3VbkvJ22j9Fu,0.9546456,0.2130228
PRKZcnOgqcuk,0.19649078,0.028007086
DuVUuyMZi5qV,0.05992671,0.16193564
uM4etVLZrgMg,0.9243093,0.029862072
BpzyExrET5ta,0.98373336,0.32108322
sAqeb6F4lz97,0.96681523,0.09070951
u7XOOvHirIx7,0.34984502,0.21898332
aEPm4bEQvbYi,0.9934122,0.102951154
Fj9A5PWsIWKT,0.85445756,0.019056631
19mb5yGJigtw,0.946181,0.0031223556
v1nMpCoLGU0V,0.9840852,0.78162664
hRPuz4zpsEbw,0.74759275,0.35007712
mT8A6xa1O4Ro,0.91411585,0.314736
4QBTjDoVpVt6,0.06573546,0.5682098
0X2H4LroxZcw,0.9166981,0.004709396
9CH7UxXuznUa,0.9675859,0.04191639
nU73zzjTnr4A,0.8380999,0.9631719
uEZHGukIUQ0k,0.56392246,0.60330915
jCzQwkpfgZyQ,0.94273514,0.95767415
Ljvrs76QJuI5,0.94900167,0.73546624
IbF3zW0Wbx4Q,0.668989,0.02846534
UHnGiDNksa0x,0.3858525,0.025655255
yYjiJsx8PM48,0.38074398,0.7839274
1j28gfEoCQ3o,0.92170006,0.099953294
dC5XvD5A3tqo,0.96283805,0.31761846
5irK4m6otW7R,0.9909266,0.063011646
88IME13c7xDB,0.92740643,0.08122859
GYQvyFy7QF7z,0.90487516,0.34875268
rZ4Djyg4w7Yv,0.9926341,0.13429157
g7OzSuPQs2wx,0.028197132,0.02927106
7gx6bnmZrxKv,0.9501885,0.1440733
sslRc6ajaOkD,0.61524904,0.81986916
h5xmGEy5uNA9,0.6825807,0.03196909
sQaDS15dgJw7,0.41180775,0.14519389
erkdzShJ7zHD,0.8965206,0.77486205
xb3e1IzlY1QV,0.785757,0.04383612
hAY3GGKYCKNz,0.9620089,0.04964021
Qf7YnjK9A9Nr,0.98516625,0.034562834
pJXKagbu6k5J,0.9689339,0.015168571
GusOn8clPEcS,0.995278,0.22785202
HynLNt7eOUu6,0.8556126,0.036636624
VHaWyqk3brmj,0.77984786,0.07650537
XsnFuC5RuxEj,0.85211295,0.9577927
fJ18nx0flUWU,0.18306924,0.11467349
z0TcjaAHc8af,0.9432993,0.29032263
cwhzTO0Vu9fs,0.050803218,0.030407874
FJ14ni1wdpx0,0.91117543,0.6426308
LbvK4T5h6Bgg,0.9702837,0.5344217
g8nC5onuX4Iu,0.052361004,0.7769167
X8fHsDpoMCrc,0.9633375,0.44250128
9MLL7pYQEsHg,0.957602,0.6219128
Rl4ewZ2JsYiu,0.1461183,0.64856577
NPqPE9t9ANPY,0.97169465,0.015732672
xdNPzLAsxshh,0.07953557,0.3126242
Fkys1lBZ0EYl,0.78524417,0.09648997
9bB7cb8GIt55,0.4486248,0.79506993
S2aUm7iSCh8K,0.9892117,0.67767435
uMXsb9zvFhZG,0.9232942,0.7547679
WswtU2xjkwrJ,0.77721745,0.08112105
NUD1SQ26nGwx,0.77553344,0.027696062
1lqQa6Bvsvgo,0.8614636,0.062412772
nLIxzOqeY0F8,0.9977976,0.07126355
ZnpZwNyveSC1,0.9859708,0.30708832
g065FaS0cDJw,0.56852204,0.04803018
5nPxL5XWeWqT,0.9926501,0.008707889
PXgJvd8UZ9fe,0.99723285,0.48451802
bRHXqarRnTOl,0.9603128,0.28684956
iC4lUrNmd76W,0.17533986,0.19022228
e5PO7MIzpSKp,0.97118807,0.12688765
iQ5WKoVa0Oe8,0.02975361,0.6926516
1zYwUOsWtWUO,0.960692,0.13769604
9dIzgZgU0t2O,0.8912711,0.48943144
FZZFnxIITvIb,0.8901175,0.042866927
UZ4wZJktSjXM,0.98064274,0.10455786
47cpL5bSIaes,0.36996412,0.1388962
cD8B0lz9W1Cc,0.95918566,0.009648832
RBUqOe8h6Rjz,0.43755716,0.1898406
xMcjmmscXHRg,0.92293096,0.0124329515
zIkbsyNlTbCK,0.76969904,0.03703032
eqXWWdeNFQoH,0.8957328,0.42037928
FUBvB3niWLlN,0.05696295,0.011870145
RZKV9tFLkC9q,0.9802745,0.17070305
YX2nejjQrjTE,0.9915383,0.08834166
9uCWNQLzILyS,0.7285308,0.07606635
PJvfoHAcsFop,0.05933133,0.35585234
rsQPeuxeuzFN,0.96144474,0.019095568
xgRkRXFj22eG,0.42155614,0.8261944
NSvVb4rAbXKU,0.13725945,0.6079689
rY7ztwsrfyfe,0.9189698,0.17111807
0idudG3MZeOR,0.94464904,0.13450101
tbZrR9R4zdPW,0.979328,0.3708703
mmW5cD4mDCyK,0.5544111,0.23105966
FvnoZ1q1rX2c,0.32426983,0.9298999
rIE98UuGpsXN,0.98627186,0.34585556
a4NfOjK4u0pw,0.5336403,0.4627685
x0tFPjGEtTDo,0.96422076,0.118271
Lf1aRmgJMGzn,0.9646851,0.107682586
qxDaOMmN2fGr,0.89981526,0.24426673
jZz3FS9Lxw7Y,0.78919756,0.1837573
EQdMyNMDvWuv,0.8065615,0.06326228
fpbYYqEmKmBP,0.3575189,0.2102281
Ljl0uwPY3cHC,0.7800866,0.107741155
h5uHyT7ZsggG,0.0155654,0.4923445
REHeZZWpqbXA,0.97812563,0.23726526
WDaVjmgqDtdH,0.9951977,0.030143773
JPbjWX5WRMo5,0.9599729,0.026972847
m4i3mVopmQND,0.76848096,0.053666465
8js31yKXtVtT,0.11011037,0.34200945
ThzfJlzfC5zm,0.97929126,0.66403204
PKmY55L3l7nh,0.5650528,0.692412
EjMbGKIXc6xh,0.14781237,0.070197955
hRtu2jZGjsqu,0.9718972,0.10969958
wE08jf7axl4G,0.9788289,0.73999256
oFqFWjZvQpdq,0.89160866,0.09933177
rZRMMWCz9o54,0.81379247,0.053840354
7bH7tOSH8tyL,0.9861747,0.35999545
VsAjWDqZH10d,0.9346557,0.109686986
mca5wy8JcazG,0.96923625,0.096876934
LsErFKyD0Amx,0.9361076,0.026459785
7v5DsWe80ek1,0.7183219,0.046658874
idllOUP39Yoy,0.042621803,0.1518781
Wm8vHtUOTSdK,0.027021548,0.90536034
lIo1EopEayvT,0.9908689,0.07722052
ceMWzYEKDxGS,0.29774505,0.16934407
RfNlGWXzHH3K,0.99221766,0.13324217
nLaCfgOfeeux,0.82506555,0.13784325
hHbDtQpct0sM,0.75580347,0.39167634
xctrrQN3v50J,0.98638946,0.044433475
sdJvoGXQsxzG,0.58116823,0.7180348
na1higV3BYix,0.08802458,0.034585867
iUhm6elzNZnR,0.86699337,0.10595111
IDLPcayOzo7t,0.9515105,0.01589781
Z0CZjkr8SDlo,0.9936308,0.10052905
ddE1W1SfgV7E,0.98940456,0.031551253
duMJcIFRvvUn,0.928919,0.8903291
Ya9QbWu9Oyj7,0.83146715,0.35685152
aJeuvuedrbei,0.92946196,0.30992457
rUXfpz4ZIVqs,0.9768702,0.79502076
66ATazbm1n2H,0.7821699,0.33234322
gf8iAJH7Y6LW,0.039046165,0.85041904
T3jFzkEFn2lB,0.83995277,0.47167587
eAEV7RHPm4gn,0.02880406,0.44227898
MOjMYkTSkCT0,0.0729289,0.07028894
fLsk0v5A9QWD,0.97681856,0.10154371
e4u1878wt5Vu,0.91713536,0.18335842
ZssVYalOAWOn,0.93578625,0.6184148
eFGeJZyaYTfW,0.96727496,0.72327405
DgwxZPoFWSFV,0.97577614,0.14466198
vCYoh5kuBxBn,0.58339,0.69676536
DkwrzlcjCXzl,0.9650945,0.03941396
pQk5LK9WWNlU,0.92560977,0.14766555
4TfoOtVqQGIS,0.98092514,0.01130831
xm87i9BWm3LH,0.9739368,0.05907726
HfAWB7M67jZ7,0.7732053,0.9804166
CHEK30GPB53F,0.96045893,0.47489446
0ImS6uhE3Ie9,0.42623422,0.49354774
x2HGm8Cdw3pH,0.9556151,0.11718761
rUhntCqf0veY,0.7868361,0.060847707
lviw20KdXmyz,0.59956837,0.83893394
EUN1xz5MmK3h,0.99165547,0.06164581
JHgSIO5g9kyN,0.84211737,0.05521069
HuavjkfJT3Ra,0.956656,0.09317619
jRKvisBZEvMV,0.91726947,0.8927932
T7MMp5ZjZIP7,0.994639,0.077155836
7Y5dXDvM5JlW,0.96568733,0.026880484
xsEm3scLKQqx,0.3053351,0.57678944
CZ6cLlIFT8C7,0.8402654,0.0048162094
Nm0QSvXNt8IL,0.944658,0.08574697
ZVJtXjkAAp8k,0.0076988265,0.06495442
kxJ2iDDo7le7,0.94911784,0.19377324
KlEGztcVpqQM,0.98860824,0.49561507
SEpZVWxwPwzJ,0.9314679,0.5451809
3ex9wBx3bXzf,0.9548551,0.95891505
GtKTU9RdYH88,0.9475083,0.8155153
pXjemmrXv9XU,0.80747616,0.5218326
G4HH3C3252g1,0.08445492,0.76677233
i103EbS97ZlA,0.64630693,0.07781134
V62GcAZSGGHt,0.019501083,0.38264874
7uXcG7moAMys,0.94838697,0.018320289
MGSeDY5xsLcH,0.7718058,0.7282531
HEv7u3wwBUID,0.9943205,0.03865309
0joIpvJZmHlM,0.84184396,0.16702183
R1WkyITqb6j5,0.8769653,0.028002763
y1YkOqsv0518,0.9917374,0.024151001
8uNQKfpBZKGT,0.988892,0.12549254
FMKnba82Blol,0.99054,0.65751296
JOL7WOOECWqz,0.8525046,0.053973705
c4XMogBDs3JV,0.7952534,0.18091676
Aqr7TbYLogDt,0.9551669,0.78158116
cWVOYIyTGoPW,0.9198029,0.06284066
5F9KuchRWc28,0.95381385,0.558234
GpBWQZEEB8Na,0.9234436,0.032130588
1nuCB3iu56Ao,0.26341796,0.35027018
tcKZk7TJNjXP,0.048120324,0.92273575
Bf8xkS0DgEdq,0.7677137,0.0041438187
UOohdAfiU2WX,0.6538667,0.21963617
CdwfVAJW6U21,0.91316205,0.030047169
K3TeYDSt1D69,0.49424967,0.5299017
7UT8iirSGhRL,0.6565138,0.010554317
q4kyWzfZIqDG,0.2018387,0.12155808
06HFIpqKfXy9,0.28138167,0.84283906
ZjFv6ztsCBLY,0.019199818,0.13675316
rpLRzoX7qzUA,0.69200945,0.66286397
tgxIaIPsvpIG,0.85498,0.09384031
iq3Izns35R7e,0.6138635,0.058482334
rcUdzoimoCO3,0.085847,0.46913666
RlH1HdX1zOXp,0.9688005,0.5674226
sPSXo6gaMyoT,0.94032305,0.3659543
i4PoyNNskpN2,0.22644177,0.8359858
NppPTQNMYrDr,0.5174494,0.5674303
b2MRYJQHtN4Q,0.7008707,0.111053295
Z1USdfsVnnjw,0.9552166,0.88872087
Cm1JesyqVvvU,0.25863868,0.6100723
wfHMTWwtSFnV,0.34669468,0.034712177
ZH3fhLHNBy2N,0.06440469,0.010179094
zHoI2y6ghT8f,0.39649862,0.73202837
5gde2X56TEaV,0.88285404,0.11540083
h1NsELdECZtN,0.055243682,0.739435
WVyjBIVNp84k,0.49227348,0.16742294
I7wdCrc41LkV,0.9840035,0.09679455
dYeoDCtqrZOk,0.9570078,0.035028394
gTo2ZwRYwLIM,0.08394101,0.11929263
cS46aS2dNkWt,0.9824569,0.43445116
0Dua0TUw4sNZ,0.75474256,0.016770655
Bct9jCffkwTU,0.98726416,0.06543647
0wdp92SlZ6os,0.9652844,0.13944271
3ymvGMbsXkDa,0.7475908,0.795133
3CHeLp88N9PU,0.97702265,0.09680364
3GuHHSzexdrD,0.93927324,0.7047927
BxG4CGNyBthY,0.9613923,0.090597555
r1kJWdiLnlzB,0.9901158,0.1774815
PHcnlHPVth3A,0.86687565,0.03127515
JjO5xmUVZlHV,0.9927406,0.5857015
uhrbzFdVttif,0.9935074,0.010730388
vFUC44u3e6yc,0.9893545,0.17656583
KK1MoDOaknzz,0.70602506,0.009096386
xeGDqEHl50Pe,0.6414491,0.23022906
MbnL2SsZ3SfN,0.96291333,0.061546337
lzsnunuLD5E9,0.16112228,0.27243748
ypPOBnAE3X5L,0.85820186,0.11026245
t6Yc857Xm0G1,0.9864932,0.12453496
IFfLWRuXYCud,0.5685264,0.47188973
mMKlS7Xx90To,0.88227093,0.41585165
4SP0VjzBYTnA,0.9898206,0.6203431
6g9qhyTboWDX,0.9961572,0.07175658
zoCHkxMZDLeD,0.96416324,0.037302606
J6jcTOKF9FKI,0.97773504,0.7789679
knYPTVqlhOOe,0.9804426,0.5911116
6mGSjnkluhCm,0.9364777,0.45899233
CHK7PetkESpw,0.9390049,0.14372946
KOhyaYYWH4J7,0.8604876,0.8774321
0VHL9SCh2TfC,0.94337845,0.18766718
kA6qrwNv3TVN,0.8622176,0.24912791
mby0aqc4xfJt,0.023682095,0.018026108
ukPFRpacqtjF,0.98179895,0.31445175
JDCneyZ2d8oS,0.9498503,0.23712231
frwFik2vzPpk,0.98671675,0.14515027
MdR8Vu1UGsUh,0.97740525,0.022769
fQDGE3yvi8JG,0.93670213,0.21411806
cMG1xz902zCv,0.5369877,0.04756498
czseCZwxGu9b,0.8038145,0.52820116
EqjgIpp1uQFT,0.4570795,0.3596785
SU2iR4dZt71Q,0.49560082,0.35084015
Y8y8VL92UXUp,0.89788437,0.02291798
iIM7qDzkFHrK,0.37767065,0.765055
tcvQwlcXDrjM,0.9879397,0.19266376
E5WW2AJI3cmY,0.95968914,0.36188653
so28UOwqRGcv,0.039420314,0.79657185
JhsrI2yTZUCS,0.43542713,0.32972547
pVZ5eyvBxRXh,0.99645644,0.5191403
8OuOUWiYizQT,0.6650376,0.2188489
22mg5880yUSV,0.96306676,0.79358983
OCfNYCcRM3dw,0.9101998,0.68735206
PDtAgNUCR1F1,0.9957694,0.17331581
nJJWVTrUPKHh,0.6358918,0.18820038
8GLRwVrATqDq,0.8915819,0.49118468
geK1iR863siE,0.98420435,0.08278514
9OsyiuTB9ARL,0.72645235,0.06341178
ZoX0gx0mL2fe,0.23523228,0.02312374
7U96jnm3G0nL,0.9530159,0.021956423
8RcAlHO2Z7Z5,0.9901945,0.2623134
Il8Z3DuXaX9D,0.23046824,0.09295865
Jv1UeLkc4beo,0.33566105,0.7538125
8EcGmW8AXSPl,0.8206843,0.029688774
uHEISY6Pnlzm,0.98980135,0.58286804
AlhAMyz7XRmc,0.9528065,0.7179447
jqVfgp32Kynb,0.99208355,0.48204595
kkMmh1GtzDLA,0.9842392,0.057748035
Oyju5jxQgUSe,0.5999621,0.025170388
xGcOyShOcPRs,0.30194512,0.11463448
DaveDB2gyn6A,0.016163431,0.02888276
OuMuraCnt34F,0.871905,0.7680631
R5GuhuSlgOO7,0.89653736,0.8741781
ZrhtdcUFpSDs,0.44695416,0.08642903
UadZfjdEg7eG,0.83488226,0.3561265
IUEHiLmQAqCi,0.98981756,0.1865522
cRySmCadYFRO,0.51818097,0.8748167
E3MvDUtJadc5,0.90632635,0.05084155
dQJXfyRazknD,0.70898545,0.67301095
